text,origin
Buy now best deal!!! Limited time only!!! Click fast before gone!!!,BOT
Super offer! Best product guaranteed!!! Order now now now!!!,BOT
Great discount today only!!! Hurry up buy now free shipping!!!,BOT
Amazing product!!! Best seller!!! Must buy!!! Unbeatable price!!!,BOT
Click the link now !! Discount discount discount!!! Best results!!!,BOT
Order today!!! Great choice great price great product!!!,BOT
Buy now best deal!!! Limited time only!!! Click fast before gone!!!,BOT
Super offer! Best product guaranteed!!! Order now now now!!!,BOT
Great discount today only!!! Hurry up buy now free shipping!!!,BOT
Amazing product!!! Best seller!!! Must buy!!! Unbeatable price!!!,BOT
Click the link now !! Discount discount discount!!! Best results!!!,BOT
Order today!!! Great choice great price great product!!!,BOT
Buy now best deal!!! Limited time only!!! Click fast before gone!!!,BOT
Super offer! Best product guaranteed!!! Order now now now!!!,BOT
Great discount today only!!! Hurry up buy now free shipping!!!,BOT
Amazing product!!! Best seller!!! Must buy!!! Unbeatable price!!!,BOT
Click the link now !! Discount discount discount!!! Best results!!!,BOT
Order today!!! Great choice great price great product!!!,BOT
Buy now best deal!!! Limited time only!!! Click fast before gone!!!,BOT
Super offer! Best product guaranteed!!! Order now now now!!!,BOT
Great discount today only!!! Hurry up buy now free shipping!!!,BOT
Amazing product!!! Best seller!!! Must buy!!! Unbeatable price!!!,BOT
Click the link now !! Discount discount discount!!! Best results!!!,BOT
Order today!!! Great choice great price great product!!!,BOT
Buy now best deal!!! Limited time only!!! Click fast before gone!!!,BOT
Super offer! Best product guaranteed!!! Order now now now!!!,BOT
Great discount today only!!! Hurry up buy now free shipping!!!,BOT
Amazing product!!! Best seller!!! Must buy!!! Unbeatable price!!!,BOT
Click the link now !! Discount discount discount!!! Best results!!!,BOT
Order today!!! Great choice great price great product!!!,BOT
Buy now best deal!!! Limited time only!!! Click fast before gone!!!,BOT
Super offer! Best product guaranteed!!! Order now now now!!!,BOT
Great discount today only!!! Hurry up buy now free shipping!!!,BOT
Amazing product!!! Best seller!!! Must buy!!! Unbeatable price!!!,BOT
Click the link now !! Discount discount discount!!! Best results!!!,BOT
Order today!!! Great choice great price great product!!!,BOT
Buy now best deal!!! Limited time only!!! Click fast before gone!!!,BOT
Super offer! Best product guaranteed!!! Order now now now!!!,BOT
Great discount today only!!! Hurry up buy now free shipping!!!,BOT
Amazing product!!! Best seller!!! Must buy!!! Unbeatable price!!!,BOT
Click the link now !! Discount discount discount!!! Best results!!!,BOT
Order today!!! Great choice great price great product!!!,BOT
Buy now best deal!!! Limited time only!!! Click fast before gone!!!,BOT
Super offer! Best product guaranteed!!! Order now now now!!!,BOT
Great discount today only!!! Hurry up buy now free shipping!!!,BOT
Amazing product!!! Best seller!!! Must buy!!! Unbeatable price!!!,BOT
Click the link now !! Discount discount discount!!! Best results!!!,BOT
Order today!!! Great choice great price great product!!!,BOT
Buy now best deal!!! Limited time only!!! Click fast before gone!!!,BOT
Super offer! Best product guaranteed!!! Order now now now!!!,BOT
Great discount today only!!! Hurry up buy now free shipping!!!,BOT
Amazing product!!! Best seller!!! Must buy!!! Unbeatable price!!!,BOT
Click the link now !! Discount discount discount!!! Best results!!!,BOT
Order today!!! Great choice great price great product!!!,BOT
Buy now best deal!!! Limited time only!!! Click fast before gone!!!,BOT
Super offer! Best product guaranteed!!! Order now now now!!!,BOT
Great discount today only!!! Hurry up buy now free shipping!!!,BOT
Amazing product!!! Best seller!!! Must buy!!! Unbeatable price!!!,BOT
Click the link now !! Discount discount discount!!! Best results!!!,BOT
Order today!!! Great choice great price great product!!!,BOT
Buy now best deal!!! Limited time only!!! Click fast before gone!!!,BOT
Super offer! Best product guaranteed!!! Order now now now!!!,BOT
Great discount today only!!! Hurry up buy now free shipping!!!,BOT
Amazing product!!! Best seller!!! Must buy!!! Unbeatable price!!!,BOT
Click the link now !! Discount discount discount!!! Best results!!!,BOT
Order today!!! Great choice great price great product!!!,BOT
Buy now best deal!!! Limited time only!!! Click fast before gone!!!,BOT
Super offer! Best product guaranteed!!! Order now now now!!!,BOT
Great discount today only!!! Hurry up buy now free shipping!!!,BOT
Amazing product!!! Best seller!!! Must buy!!! Unbeatable price!!!,BOT
Click the link now !! Discount discount discount!!! Best results!!!,BOT
Order today!!! Great choice great price great product!!!,BOT
Buy now best deal!!! Limited time only!!! Click fast before gone!!!,BOT
Super offer! Best product guaranteed!!! Order now now now!!!,BOT
Great discount today only!!! Hurry up buy now free shipping!!!,BOT
Amazing product!!! Best seller!!! Must buy!!! Unbeatable price!!!,BOT
Click the link now !! Discount discount discount!!! Best results!!!,BOT
Order today!!! Great choice great price great product!!!,BOT
Buy now best deal!!! Limited time only!!! Click fast before gone!!!,BOT
Super offer! Best product guaranteed!!! Order now now now!!!,BOT
Great discount today only!!! Hurry up buy now free shipping!!!,BOT
Amazing product!!! Best seller!!! Must buy!!! Unbeatable price!!!,BOT
Click the link now !! Discount discount discount!!! Best results!!!,BOT
Order today!!! Great choice great price great product!!!,BOT
Buy now best deal!!! Limited time only!!! Click fast before gone!!!,BOT
Super offer! Best product guaranteed!!! Order now now now!!!,BOT
Great discount today only!!! Hurry up buy now free shipping!!!,BOT
Amazing product!!! Best seller!!! Must buy!!! Unbeatable price!!!,BOT
Click the link now !! Discount discount discount!!! Best results!!!,BOT
Order today!!! Great choice great price great product!!!,BOT
Buy now best deal!!! Limited time only!!! Click fast before gone!!!,BOT
Super offer! Best product guaranteed!!! Order now now now!!!,BOT
Great discount today only!!! Hurry up buy now free shipping!!!,BOT
Amazing product!!! Best seller!!! Must buy!!! Unbeatable price!!!,BOT
Click the link now !! Discount discount discount!!! Best results!!!,BOT
Order today!!! Great choice great price great product!!!,BOT
Buy now best deal!!! Limited time only!!! Click fast before gone!!!,BOT
Super offer! Best product guaranteed!!! Order now now now!!!,BOT
Great discount today only!!! Hurry up buy now free shipping!!!,BOT
Amazing product!!! Best seller!!! Must buy!!! Unbeatable price!!!,BOT
Click the link now !! Discount discount discount!!! Best results!!!,BOT
Order today!!! Great choice great price great product!!!,BOT
Buy now best deal!!! Limited time only!!! Click fast before gone!!!,BOT
Super offer! Best product guaranteed!!! Order now now now!!!,BOT
Great discount today only!!! Hurry up buy now free shipping!!!,BOT
Amazing product!!! Best seller!!! Must buy!!! Unbeatable price!!!,BOT
Click the link now !! Discount discount discount!!! Best results!!!,BOT
Order today!!! Great choice great price great product!!!,BOT
Buy now best deal!!! Limited time only!!! Click fast before gone!!!,BOT
Super offer! Best product guaranteed!!! Order now now now!!!,BOT
Great discount today only!!! Hurry up buy now free shipping!!!,BOT
Amazing product!!! Best seller!!! Must buy!!! Unbeatable price!!!,BOT
Click the link now !! Discount discount discount!!! Best results!!!,BOT
Order today!!! Great choice great price great product!!!,BOT
Buy now best deal!!! Limited time only!!! Click fast before gone!!!,BOT
Super offer! Best product guaranteed!!! Order now now now!!!,BOT
Great discount today only!!! Hurry up buy now free shipping!!!,BOT
Amazing product!!! Best seller!!! Must buy!!! Unbeatable price!!!,BOT
Click the link now !! Discount discount discount!!! Best results!!!,BOT
Order today!!! Great choice great price great product!!!,BOT
Buy now best deal!!! Limited time only!!! Click fast before gone!!!,BOT
Super offer! Best product guaranteed!!! Order now now now!!!,BOT
Great discount today only!!! Hurry up buy now free shipping!!!,BOT
Amazing product!!! Best seller!!! Must buy!!! Unbeatable price!!!,BOT
Click the link now !! Discount discount discount!!! Best results!!!,BOT
Order today!!! Great choice great price great product!!!,BOT
Buy now best deal!!! Limited time only!!! Click fast before gone!!!,BOT
Super offer! Best product guaranteed!!! Order now now now!!!,BOT
Great discount today only!!! Hurry up buy now free shipping!!!,BOT
Amazing product!!! Best seller!!! Must buy!!! Unbeatable price!!!,BOT
Click the link now !! Discount discount discount!!! Best results!!!,BOT
Order today!!! Great choice great price great product!!!,BOT
Buy now best deal!!! Limited time only!!! Click fast before gone!!!,BOT
Super offer! Best product guaranteed!!! Order now now now!!!,BOT
Great discount today only!!! Hurry up buy now free shipping!!!,BOT
Amazing product!!! Best seller!!! Must buy!!! Unbeatable price!!!,BOT
Click the link now !! Discount discount discount!!! Best results!!!,BOT
Order today!!! Great choice great price great product!!!,BOT
Buy now best deal!!! Limited time only!!! Click fast before gone!!!,BOT
Super offer! Best product guaranteed!!! Order now now now!!!,BOT
Great discount today only!!! Hurry up buy now free shipping!!!,BOT
Amazing product!!! Best seller!!! Must buy!!! Unbeatable price!!!,BOT
Click the link now !! Discount discount discount!!! Best results!!!,BOT
Order today!!! Great choice great price great product!!!,BOT
Buy now best deal!!! Limited time only!!! Click fast before gone!!!,BOT
Super offer! Best product guaranteed!!! Order now now now!!!,BOT
Great discount today only!!! Hurry up buy now free shipping!!!,BOT
Amazing product!!! Best seller!!! Must buy!!! Unbeatable price!!!,BOT
Click the link now !! Discount discount discount!!! Best results!!!,BOT
Order today!!! Great choice great price great product!!!,BOT
Buy now best deal!!! Limited time only!!! Click fast before gone!!!,BOT
Super offer! Best product guaranteed!!! Order now now now!!!,BOT
Great discount today only!!! Hurry up buy now free shipping!!!,BOT
Amazing product!!! Best seller!!! Must buy!!! Unbeatable price!!!,BOT
Click the link now !! Discount discount discount!!! Best results!!!,BOT
Order today!!! Great choice great price great product!!!,BOT
Buy now best deal!!! Limited time only!!! Click fast before gone!!!,BOT
Super offer! Best product guaranteed!!! Order now now now!!!,BOT
Great discount today only!!! Hurry up buy now free shipping!!!,BOT
Amazing product!!! Best seller!!! Must buy!!! Unbeatable price!!!,BOT
Click the link now !! Discount discount discount!!! Best results!!!,BOT
Order today!!! Great choice great price great product!!!,BOT
Buy now best deal!!! Limited time only!!! Click fast before gone!!!,BOT
Super offer! Best product guaranteed!!! Order now now now!!!,BOT
Great discount today only!!! Hurry up buy now free shipping!!!,BOT
Amazing product!!! Best seller!!! Must buy!!! Unbeatable price!!!,BOT
Click the link now !! Discount discount discount!!! Best results!!!,BOT
Order today!!! Great choice great price great product!!!,BOT
Buy now best deal!!! Limited time only!!! Click fast before gone!!!,BOT
Super offer! Best product guaranteed!!! Order now now now!!!,BOT
Great discount today only!!! Hurry up buy now free shipping!!!,BOT
Amazing product!!! Best seller!!! Must buy!!! Unbeatable price!!!,BOT
Click the link now !! Discount discount discount!!! Best results!!!,BOT
Order today!!! Great choice great price great product!!!,BOT
Buy now best deal!!! Limited time only!!! Click fast before gone!!!,BOT
Super offer! Best product guaranteed!!! Order now now now!!!,BOT
Great discount today only!!! Hurry up buy now free shipping!!!,BOT
Amazing product!!! Best seller!!! Must buy!!! Unbeatable price!!!,BOT
Click the link now !! Discount discount discount!!! Best results!!!,BOT
Order today!!! Great choice great price great product!!!,BOT
Buy now best deal!!! Limited time only!!! Click fast before gone!!!,BOT
Super offer! Best product guaranteed!!! Order now now now!!!,BOT
Great discount today only!!! Hurry up buy now free shipping!!!,BOT
Amazing product!!! Best seller!!! Must buy!!! Unbeatable price!!!,BOT
Click the link now !! Discount discount discount!!! Best results!!!,BOT
Order today!!! Great choice great price great product!!!,BOT
Buy now best deal!!! Limited time only!!! Click fast before gone!!!,BOT
Super offer! Best product guaranteed!!! Order now now now!!!,BOT
Great discount today only!!! Hurry up buy now free shipping!!!,BOT
Amazing product!!! Best seller!!! Must buy!!! Unbeatable price!!!,BOT
Click the link now !! Discount discount discount!!! Best results!!!,BOT
Order today!!! Great choice great price great product!!!,BOT
Buy now best deal!!! Limited time only!!! Click fast before gone!!!,BOT
Super offer! Best product guaranteed!!! Order now now now!!!,BOT
Great discount today only!!! Hurry up buy now free shipping!!!,BOT
Amazing product!!! Best seller!!! Must buy!!! Unbeatable price!!!,BOT
Click the link now !! Discount discount discount!!! Best results!!!,BOT
Order today!!! Great choice great price great product!!!,BOT
Buy now best deal!!! Limited time only!!! Click fast before gone!!!,BOT
Super offer! Best product guaranteed!!! Order now now now!!!,BOT
Great discount today only!!! Hurry up buy now free shipping!!!,BOT
Amazing product!!! Best seller!!! Must buy!!! Unbeatable price!!!,BOT
Click the link now !! Discount discount discount!!! Best results!!!,BOT
Order today!!! Great choice great price great product!!!,BOT
Buy now best deal!!! Limited time only!!! Click fast before gone!!!,BOT
Super offer! Best product guaranteed!!! Order now now now!!!,BOT
Great discount today only!!! Hurry up buy now free shipping!!!,BOT
Amazing product!!! Best seller!!! Must buy!!! Unbeatable price!!!,BOT
Click the link now !! Discount discount discount!!! Best results!!!,BOT
Order today!!! Great choice great price great product!!!,BOT
Buy now best deal!!! Limited time only!!! Click fast before gone!!!,BOT
Super offer! Best product guaranteed!!! Order now now now!!!,BOT
Great discount today only!!! Hurry up buy now free shipping!!!,BOT
Amazing product!!! Best seller!!! Must buy!!! Unbeatable price!!!,BOT
Click the link now !! Discount discount discount!!! Best results!!!,BOT
Order today!!! Great choice great price great product!!!,BOT
Buy now best deal!!! Limited time only!!! Click fast before gone!!!,BOT
Super offer! Best product guaranteed!!! Order now now now!!!,BOT
Great discount today only!!! Hurry up buy now free shipping!!!,BOT
Amazing product!!! Best seller!!! Must buy!!! Unbeatable price!!!,BOT
Click the link now !! Discount discount discount!!! Best results!!!,BOT
Order today!!! Great choice great price great product!!!,BOT
Buy now best deal!!! Limited time only!!! Click fast before gone!!!,BOT
Super offer! Best product guaranteed!!! Order now now now!!!,BOT
Great discount today only!!! Hurry up buy now free shipping!!!,BOT
Amazing product!!! Best seller!!! Must buy!!! Unbeatable price!!!,BOT
Click the link now !! Discount discount discount!!! Best results!!!,BOT
Order today!!! Great choice great price great product!!!,BOT
Buy now best deal!!! Limited time only!!! Click fast before gone!!!,BOT
Super offer! Best product guaranteed!!! Order now now now!!!,BOT
Great discount today only!!! Hurry up buy now free shipping!!!,BOT
Amazing product!!! Best seller!!! Must buy!!! Unbeatable price!!!,BOT
Click the link now !! Discount discount discount!!! Best results!!!,BOT
Order today!!! Great choice great price great product!!!,BOT
Buy now best deal!!! Limited time only!!! Click fast before gone!!!,BOT
Super offer! Best product guaranteed!!! Order now now now!!!,BOT
Great discount today only!!! Hurry up buy now free shipping!!!,BOT
Amazing product!!! Best seller!!! Must buy!!! Unbeatable price!!!,BOT
Click the link now !! Discount discount discount!!! Best results!!!,BOT
Order today!!! Great choice great price great product!!!,BOT
Buy now best deal!!! Limited time only!!! Click fast before gone!!!,BOT
Super offer! Best product guaranteed!!! Order now now now!!!,BOT
Great discount today only!!! Hurry up buy now free shipping!!!,BOT
Amazing product!!! Best seller!!! Must buy!!! Unbeatable price!!!,BOT
Click the link now !! Discount discount discount!!! Best results!!!,BOT
Order today!!! Great choice great price great product!!!,BOT
Buy now best deal!!! Limited time only!!! Click fast before gone!!!,BOT
Super offer! Best product guaranteed!!! Order now now now!!!,BOT
Great discount today only!!! Hurry up buy now free shipping!!!,BOT
Amazing product!!! Best seller!!! Must buy!!! Unbeatable price!!!,BOT
Click the link now !! Discount discount discount!!! Best results!!!,BOT
Order today!!! Great choice great price great product!!!,BOT
Buy now best deal!!! Limited time only!!! Click fast before gone!!!,BOT
Super offer! Best product guaranteed!!! Order now now now!!!,BOT
Great discount today only!!! Hurry up buy now free shipping!!!,BOT
Amazing product!!! Best seller!!! Must buy!!! Unbeatable price!!!,BOT
Click the link now !! Discount discount discount!!! Best results!!!,BOT
Order today!!! Great choice great price great product!!!,BOT
Buy now best deal!!! Limited time only!!! Click fast before gone!!!,BOT
Super offer! Best product guaranteed!!! Order now now now!!!,BOT
Great discount today only!!! Hurry up buy now free shipping!!!,BOT
Amazing product!!! Best seller!!! Must buy!!! Unbeatable price!!!,BOT
Click the link now !! Discount discount discount!!! Best results!!!,BOT
Order today!!! Great choice great price great product!!!,BOT
Buy now best deal!!! Limited time only!!! Click fast before gone!!!,BOT
Super offer! Best product guaranteed!!! Order now now now!!!,BOT
Great discount today only!!! Hurry up buy now free shipping!!!,BOT
Amazing product!!! Best seller!!! Must buy!!! Unbeatable price!!!,BOT
Click the link now !! Discount discount discount!!! Best results!!!,BOT
Order today!!! Great choice great price great product!!!,BOT
Buy now best deal!!! Limited time only!!! Click fast before gone!!!,BOT
Super offer! Best product guaranteed!!! Order now now now!!!,BOT
Great discount today only!!! Hurry up buy now free shipping!!!,BOT
Amazing product!!! Best seller!!! Must buy!!! Unbeatable price!!!,BOT
Click the link now !! Discount discount discount!!! Best results!!!,BOT
Order today!!! Great choice great price great product!!!,BOT
Buy now best deal!!! Limited time only!!! Click fast before gone!!!,BOT
Super offer! Best product guaranteed!!! Order now now now!!!,BOT
Great discount today only!!! Hurry up buy now free shipping!!!,BOT
Amazing product!!! Best seller!!! Must buy!!! Unbeatable price!!!,BOT
Click the link now !! Discount discount discount!!! Best results!!!,BOT
Order today!!! Great choice great price great product!!!,BOT
Buy now best deal!!! Limited time only!!! Click fast before gone!!!,BOT
Super offer! Best product guaranteed!!! Order now now now!!!,BOT
Great discount today only!!! Hurry up buy now free shipping!!!,BOT
Amazing product!!! Best seller!!! Must buy!!! Unbeatable price!!!,BOT
Click the link now !! Discount discount discount!!! Best results!!!,BOT
Order today!!! Great choice great price great product!!!,BOT
Buy now best deal!!! Limited time only!!! Click fast before gone!!!,BOT
Super offer! Best product guaranteed!!! Order now now now!!!,BOT
Great discount today only!!! Hurry up buy now free shipping!!!,BOT
Amazing product!!! Best seller!!! Must buy!!! Unbeatable price!!!,BOT
Click the link now !! Discount discount discount!!! Best results!!!,BOT
Order today!!! Great choice great price great product!!!,BOT
Buy now best deal!!! Limited time only!!! Click fast before gone!!!,BOT
Super offer! Best product guaranteed!!! Order now now now!!!,BOT
Great discount today only!!! Hurry up buy now free shipping!!!,BOT
Amazing product!!! Best seller!!! Must buy!!! Unbeatable price!!!,BOT
Click the link now !! Discount discount discount!!! Best results!!!,BOT
Order today!!! Great choice great price great product!!!,BOT
Buy now best deal!!! Limited time only!!! Click fast before gone!!!,BOT
Super offer! Best product guaranteed!!! Order now now now!!!,BOT
Great discount today only!!! Hurry up buy now free shipping!!!,BOT
Amazing product!!! Best seller!!! Must buy!!! Unbeatable price!!!,BOT
Click the link now !! Discount discount discount!!! Best results!!!,BOT
Order today!!! Great choice great price great product!!!,BOT
Buy now best deal!!! Limited time only!!! Click fast before gone!!!,BOT
Super offer! Best product guaranteed!!! Order now now now!!!,BOT
Great discount today only!!! Hurry up buy now free shipping!!!,BOT
Amazing product!!! Best seller!!! Must buy!!! Unbeatable price!!!,BOT
Click the link now !! Discount discount discount!!! Best results!!!,BOT
Order today!!! Great choice great price great product!!!,BOT
Buy now best deal!!! Limited time only!!! Click fast before gone!!!,BOT
Super offer! Best product guaranteed!!! Order now now now!!!,BOT
Great discount today only!!! Hurry up buy now free shipping!!!,BOT
Amazing product!!! Best seller!!! Must buy!!! Unbeatable price!!!,BOT
Click the link now !! Discount discount discount!!! Best results!!!,BOT
Order today!!! Great choice great price great product!!!,BOT
Buy now best deal!!! Limited time only!!! Click fast before gone!!!,BOT
Super offer! Best product guaranteed!!! Order now now now!!!,BOT
Great discount today only!!! Hurry up buy now free shipping!!!,BOT
Amazing product!!! Best seller!!! Must buy!!! Unbeatable price!!!,BOT
Click the link now !! Discount discount discount!!! Best results!!!,BOT
Order today!!! Great choice great price great product!!!,BOT
Buy now best deal!!! Limited time only!!! Click fast before gone!!!,BOT
Super offer! Best product guaranteed!!! Order now now now!!!,BOT
Great discount today only!!! Hurry up buy now free shipping!!!,BOT
Amazing product!!! Best seller!!! Must buy!!! Unbeatable price!!!,BOT
Click the link now !! Discount discount discount!!! Best results!!!,BOT
Order today!!! Great choice great price great product!!!,BOT
Buy now best deal!!! Limited time only!!! Click fast before gone!!!,BOT
Super offer! Best product guaranteed!!! Order now now now!!!,BOT
Great discount today only!!! Hurry up buy now free shipping!!!,BOT
Amazing product!!! Best seller!!! Must buy!!! Unbeatable price!!!,BOT
Click the link now !! Discount discount discount!!! Best results!!!,BOT
Order today!!! Great choice great price great product!!!,BOT
Buy now best deal!!! Limited time only!!! Click fast before gone!!!,BOT
Super offer! Best product guaranteed!!! Order now now now!!!,BOT
Great discount today only!!! Hurry up buy now free shipping!!!,BOT
Amazing product!!! Best seller!!! Must buy!!! Unbeatable price!!!,BOT
Click the link now !! Discount discount discount!!! Best results!!!,BOT
Order today!!! Great choice great price great product!!!,BOT
Buy now best deal!!! Limited time only!!! Click fast before gone!!!,BOT
Super offer! Best product guaranteed!!! Order now now now!!!,BOT
Great discount today only!!! Hurry up buy now free shipping!!!,BOT
Amazing product!!! Best seller!!! Must buy!!! Unbeatable price!!!,BOT
Click the link now !! Discount discount discount!!! Best results!!!,BOT
Order today!!! Great choice great price great product!!!,BOT
Buy now best deal!!! Limited time only!!! Click fast before gone!!!,BOT
Super offer! Best product guaranteed!!! Order now now now!!!,BOT
Great discount today only!!! Hurry up buy now free shipping!!!,BOT
Amazing product!!! Best seller!!! Must buy!!! Unbeatable price!!!,BOT
Click the link now !! Discount discount discount!!! Best results!!!,BOT
Order today!!! Great choice great price great product!!!,BOT
Buy now best deal!!! Limited time only!!! Click fast before gone!!!,BOT
Super offer! Best product guaranteed!!! Order now now now!!!,BOT
Great discount today only!!! Hurry up buy now free shipping!!!,BOT
Amazing product!!! Best seller!!! Must buy!!! Unbeatable price!!!,BOT
Click the link now !! Discount discount discount!!! Best results!!!,BOT
Order today!!! Great choice great price great product!!!,BOT
Buy now best deal!!! Limited time only!!! Click fast before gone!!!,BOT
Super offer! Best product guaranteed!!! Order now now now!!!,BOT
Great discount today only!!! Hurry up buy now free shipping!!!,BOT
Amazing product!!! Best seller!!! Must buy!!! Unbeatable price!!!,BOT
Click the link now !! Discount discount discount!!! Best results!!!,BOT
Order today!!! Great choice great price great product!!!,BOT
Buy now best deal!!! Limited time only!!! Click fast before gone!!!,BOT
Super offer! Best product guaranteed!!! Order now now now!!!,BOT
Great discount today only!!! Hurry up buy now free shipping!!!,BOT
Amazing product!!! Best seller!!! Must buy!!! Unbeatable price!!!,BOT
Click the link now !! Discount discount discount!!! Best results!!!,BOT
Order today!!! Great choice great price great product!!!,BOT
Buy now best deal!!! Limited time only!!! Click fast before gone!!!,BOT
Super offer! Best product guaranteed!!! Order now now now!!!,BOT
Great discount today only!!! Hurry up buy now free shipping!!!,BOT
Amazing product!!! Best seller!!! Must buy!!! Unbeatable price!!!,BOT
Click the link now !! Discount discount discount!!! Best results!!!,BOT
Order today!!! Great choice great price great product!!!,BOT
Buy now best deal!!! Limited time only!!! Click fast before gone!!!,BOT
Super offer! Best product guaranteed!!! Order now now now!!!,BOT
Great discount today only!!! Hurry up buy now free shipping!!!,BOT
Amazing product!!! Best seller!!! Must buy!!! Unbeatable price!!!,BOT
Click the link now !! Discount discount discount!!! Best results!!!,BOT
Order today!!! Great choice great price great product!!!,BOT
Buy now best deal!!! Limited time only!!! Click fast before gone!!!,BOT
Super offer! Best product guaranteed!!! Order now now now!!!,BOT
Great discount today only!!! Hurry up buy now free shipping!!!,BOT
Amazing product!!! Best seller!!! Must buy!!! Unbeatable price!!!,BOT
Click the link now !! Discount discount discount!!! Best results!!!,BOT
Order today!!! Great choice great price great product!!!,BOT
Buy now best deal!!! Limited time only!!! Click fast before gone!!!,BOT
Super offer! Best product guaranteed!!! Order now now now!!!,BOT
Great discount today only!!! Hurry up buy now free shipping!!!,BOT
Amazing product!!! Best seller!!! Must buy!!! Unbeatable price!!!,BOT
Click the link now !! Discount discount discount!!! Best results!!!,BOT
Order today!!! Great choice great price great product!!!,BOT
Buy now best deal!!! Limited time only!!! Click fast before gone!!!,BOT
Super offer! Best product guaranteed!!! Order now now now!!!,BOT
Great discount today only!!! Hurry up buy now free shipping!!!,BOT
Amazing product!!! Best seller!!! Must buy!!! Unbeatable price!!!,BOT
Click the link now !! Discount discount discount!!! Best results!!!,BOT
Order today!!! Great choice great price great product!!!,BOT
Buy now best deal!!! Limited time only!!! Click fast before gone!!!,BOT
Super offer! Best product guaranteed!!! Order now now now!!!,BOT
Great discount today only!!! Hurry up buy now free shipping!!!,BOT
Amazing product!!! Best seller!!! Must buy!!! Unbeatable price!!!,BOT
Click the link now !! Discount discount discount!!! Best results!!!,BOT
Order today!!! Great choice great price great product!!!,BOT
Buy now best deal!!! Limited time only!!! Click fast before gone!!!,BOT
Super offer! Best product guaranteed!!! Order now now now!!!,BOT
Great discount today only!!! Hurry up buy now free shipping!!!,BOT
Amazing product!!! Best seller!!! Must buy!!! Unbeatable price!!!,BOT
Click the link now !! Discount discount discount!!! Best results!!!,BOT
Order today!!! Great choice great price great product!!!,BOT
Buy now best deal!!! Limited time only!!! Click fast before gone!!!,BOT
Super offer! Best product guaranteed!!! Order now now now!!!,BOT
Great discount today only!!! Hurry up buy now free shipping!!!,BOT
Amazing product!!! Best seller!!! Must buy!!! Unbeatable price!!!,BOT
Click the link now !! Discount discount discount!!! Best results!!!,BOT
Order today!!! Great choice great price great product!!!,BOT
Buy now best deal!!! Limited time only!!! Click fast before gone!!!,BOT
Super offer! Best product guaranteed!!! Order now now now!!!,BOT
Great discount today only!!! Hurry up buy now free shipping!!!,BOT
Amazing product!!! Best seller!!! Must buy!!! Unbeatable price!!!,BOT
Click the link now !! Discount discount discount!!! Best results!!!,BOT
Order today!!! Great choice great price great product!!!,BOT
Buy now best deal!!! Limited time only!!! Click fast before gone!!!,BOT
Super offer! Best product guaranteed!!! Order now now now!!!,BOT
Great discount today only!!! Hurry up buy now free shipping!!!,BOT
Amazing product!!! Best seller!!! Must buy!!! Unbeatable price!!!,BOT
Click the link now !! Discount discount discount!!! Best results!!!,BOT
Order today!!! Great choice great price great product!!!,BOT
Buy now best deal!!! Limited time only!!! Click fast before gone!!!,BOT
Super offer! Best product guaranteed!!! Order now now now!!!,BOT
Great discount today only!!! Hurry up buy now free shipping!!!,BOT
Amazing product!!! Best seller!!! Must buy!!! Unbeatable price!!!,BOT
Click the link now !! Discount discount discount!!! Best results!!!,BOT
Order today!!! Great choice great price great product!!!,BOT
Buy now best deal!!! Limited time only!!! Click fast before gone!!!,BOT
Super offer! Best product guaranteed!!! Order now now now!!!,BOT
Great discount today only!!! Hurry up buy now free shipping!!!,BOT
Amazing product!!! Best seller!!! Must buy!!! Unbeatable price!!!,BOT
Click the link now !! Discount discount discount!!! Best results!!!,BOT
Order today!!! Great choice great price great product!!!,BOT
Buy now best deal!!! Limited time only!!! Click fast before gone!!!,BOT
Super offer! Best product guaranteed!!! Order now now now!!!,BOT
Great discount today only!!! Hurry up buy now free shipping!!!,BOT
Amazing product!!! Best seller!!! Must buy!!! Unbeatable price!!!,BOT
Click the link now !! Discount discount discount!!! Best results!!!,BOT
Order today!!! Great choice great price great product!!!,BOT
Buy now best deal!!! Limited time only!!! Click fast before gone!!!,BOT
Super offer! Best product guaranteed!!! Order now now now!!!,BOT
Great discount today only!!! Hurry up buy now free shipping!!!,BOT
Amazing product!!! Best seller!!! Must buy!!! Unbeatable price!!!,BOT
Click the link now !! Discount discount discount!!! Best results!!!,BOT
Order today!!! Great choice great price great product!!!,BOT
Buy now best deal!!! Limited time only!!! Click fast before gone!!!,BOT
Super offer! Best product guaranteed!!! Order now now now!!!,BOT
Great discount today only!!! Hurry up buy now free shipping!!!,BOT
Amazing product!!! Best seller!!! Must buy!!! Unbeatable price!!!,BOT
Click the link now !! Discount discount discount!!! Best results!!!,BOT
Order today!!! Great choice great price great product!!!,BOT
Buy now best deal!!! Limited time only!!! Click fast before gone!!!,BOT
Super offer! Best product guaranteed!!! Order now now now!!!,BOT
Great discount today only!!! Hurry up buy now free shipping!!!,BOT
Amazing product!!! Best seller!!! Must buy!!! Unbeatable price!!!,BOT
Click the link now !! Discount discount discount!!! Best results!!!,BOT
Order today!!! Great choice great price great product!!!,BOT
Buy now best deal!!! Limited time only!!! Click fast before gone!!!,BOT
Super offer! Best product guaranteed!!! Order now now now!!!,BOT
Great discount today only!!! Hurry up buy now free shipping!!!,BOT
Amazing product!!! Best seller!!! Must buy!!! Unbeatable price!!!,BOT
Click the link now !! Discount discount discount!!! Best results!!!,BOT
Order today!!! Great choice great price great product!!!,BOT
Buy now best deal!!! Limited time only!!! Click fast before gone!!!,BOT
Super offer! Best product guaranteed!!! Order now now now!!!,BOT
Great discount today only!!! Hurry up buy now free shipping!!!,BOT
Amazing product!!! Best seller!!! Must buy!!! Unbeatable price!!!,BOT
Click the link now !! Discount discount discount!!! Best results!!!,BOT
Order today!!! Great choice great price great product!!!,BOT
Buy now best deal!!! Limited time only!!! Click fast before gone!!!,BOT
Super offer! Best product guaranteed!!! Order now now now!!!,BOT
Great discount today only!!! Hurry up buy now free shipping!!!,BOT
Amazing product!!! Best seller!!! Must buy!!! Unbeatable price!!!,BOT
Click the link now !! Discount discount discount!!! Best results!!!,BOT
Order today!!! Great choice great price great product!!!,BOT
Buy now best deal!!! Limited time only!!! Click fast before gone!!!,BOT
Super offer! Best product guaranteed!!! Order now now now!!!,BOT
Great discount today only!!! Hurry up buy now free shipping!!!,BOT
Amazing product!!! Best seller!!! Must buy!!! Unbeatable price!!!,BOT
Click the link now !! Discount discount discount!!! Best results!!!,BOT
Order today!!! Great choice great price great product!!!,BOT
Buy now best deal!!! Limited time only!!! Click fast before gone!!!,BOT
Super offer! Best product guaranteed!!! Order now now now!!!,BOT
Great discount today only!!! Hurry up buy now free shipping!!!,BOT
Amazing product!!! Best seller!!! Must buy!!! Unbeatable price!!!,BOT
Click the link now !! Discount discount discount!!! Best results!!!,BOT
Order today!!! Great choice great price great product!!!,BOT
Buy now best deal!!! Limited time only!!! Click fast before gone!!!,BOT
Super offer! Best product guaranteed!!! Order now now now!!!,BOT
Great discount today only!!! Hurry up buy now free shipping!!!,BOT
Amazing product!!! Best seller!!! Must buy!!! Unbeatable price!!!,BOT
Click the link now !! Discount discount discount!!! Best results!!!,BOT
Order today!!! Great choice great price great product!!!,BOT
Buy now best deal!!! Limited time only!!! Click fast before gone!!!,BOT
Super offer! Best product guaranteed!!! Order now now now!!!,BOT
Great discount today only!!! Hurry up buy now free shipping!!!,BOT
Amazing product!!! Best seller!!! Must buy!!! Unbeatable price!!!,BOT
Click the link now !! Discount discount discount!!! Best results!!!,BOT
Order today!!! Great choice great price great product!!!,BOT
Buy now best deal!!! Limited time only!!! Click fast before gone!!!,BOT
Super offer! Best product guaranteed!!! Order now now now!!!,BOT
Great discount today only!!! Hurry up buy now free shipping!!!,BOT
Amazing product!!! Best seller!!! Must buy!!! Unbeatable price!!!,BOT
Click the link now !! Discount discount discount!!! Best results!!!,BOT
Order today!!! Great choice great price great product!!!,BOT
Buy now best deal!!! Limited time only!!! Click fast before gone!!!,BOT
Super offer! Best product guaranteed!!! Order now now now!!!,BOT
Great discount today only!!! Hurry up buy now free shipping!!!,BOT
Amazing product!!! Best seller!!! Must buy!!! Unbeatable price!!!,BOT
Click the link now !! Discount discount discount!!! Best results!!!,BOT
Order today!!! Great choice great price great product!!!,BOT
Buy now best deal!!! Limited time only!!! Click fast before gone!!!,BOT
Super offer! Best product guaranteed!!! Order now now now!!!,BOT
Great discount today only!!! Hurry up buy now free shipping!!!,BOT
Amazing product!!! Best seller!!! Must buy!!! Unbeatable price!!!,BOT
Click the link now !! Discount discount discount!!! Best results!!!,BOT
Order today!!! Great choice great price great product!!!,BOT
Buy now best deal!!! Limited time only!!! Click fast before gone!!!,BOT
Super offer! Best product guaranteed!!! Order now now now!!!,BOT
Great discount today only!!! Hurry up buy now free shipping!!!,BOT
Amazing product!!! Best seller!!! Must buy!!! Unbeatable price!!!,BOT
Click the link now !! Discount discount discount!!! Best results!!!,BOT
Order today!!! Great choice great price great product!!!,BOT
Buy now best deal!!! Limited time only!!! Click fast before gone!!!,BOT
Super offer! Best product guaranteed!!! Order now now now!!!,BOT
Great discount today only!!! Hurry up buy now free shipping!!!,BOT
Amazing product!!! Best seller!!! Must buy!!! Unbeatable price!!!,BOT
Click the link now !! Discount discount discount!!! Best results!!!,BOT
Order today!!! Great choice great price great product!!!,BOT
Buy now best deal!!! Limited time only!!! Click fast before gone!!!,BOT
Super offer! Best product guaranteed!!! Order now now now!!!,BOT
Great discount today only!!! Hurry up buy now free shipping!!!,BOT
Amazing product!!! Best seller!!! Must buy!!! Unbeatable price!!!,BOT
Click the link now !! Discount discount discount!!! Best results!!!,BOT
Order today!!! Great choice great price great product!!!,BOT
Buy now best deal!!! Limited time only!!! Click fast before gone!!!,BOT
Super offer! Best product guaranteed!!! Order now now now!!!,BOT
Great discount today only!!! Hurry up buy now free shipping!!!,BOT
Amazing product!!! Best seller!!! Must buy!!! Unbeatable price!!!,BOT
Click the link now !! Discount discount discount!!! Best results!!!,BOT
Order today!!! Great choice great price great product!!!,BOT
Buy now best deal!!! Limited time only!!! Click fast before gone!!!,BOT
Super offer! Best product guaranteed!!! Order now now now!!!,BOT
Great discount today only!!! Hurry up buy now free shipping!!!,BOT
Amazing product!!! Best seller!!! Must buy!!! Unbeatable price!!!,BOT
Click the link now !! Discount discount discount!!! Best results!!!,BOT
Order today!!! Great choice great price great product!!!,BOT
Buy now best deal!!! Limited time only!!! Click fast before gone!!!,BOT
Super offer! Best product guaranteed!!! Order now now now!!!,BOT
Great discount today only!!! Hurry up buy now free shipping!!!,BOT
Amazing product!!! Best seller!!! Must buy!!! Unbeatable price!!!,BOT
Click the link now !! Discount discount discount!!! Best results!!!,BOT
Order today!!! Great choice great price great product!!!,BOT
Buy now best deal!!! Limited time only!!! Click fast before gone!!!,BOT
Super offer! Best product guaranteed!!! Order now now now!!!,BOT
Great discount today only!!! Hurry up buy now free shipping!!!,BOT
Amazing product!!! Best seller!!! Must buy!!! Unbeatable price!!!,BOT
Click the link now !! Discount discount discount!!! Best results!!!,BOT
Order today!!! Great choice great price great product!!!,BOT
Buy now best deal!!! Limited time only!!! Click fast before gone!!!,BOT
Super offer! Best product guaranteed!!! Order now now now!!!,BOT
Great discount today only!!! Hurry up buy now free shipping!!!,BOT
Amazing product!!! Best seller!!! Must buy!!! Unbeatable price!!!,BOT
Click the link now !! Discount discount discount!!! Best results!!!,BOT
Order today!!! Great choice great price great product!!!,BOT
Buy now best deal!!! Limited time only!!! Click fast before gone!!!,BOT
Super offer! Best product guaranteed!!! Order now now now!!!,BOT
Great discount today only!!! Hurry up buy now free shipping!!!,BOT
Amazing product!!! Best seller!!! Must buy!!! Unbeatable price!!!,BOT
Click the link now !! Discount discount discount!!! Best results!!!,BOT
Order today!!! Great choice great price great product!!!,BOT
Buy now best deal!!! Limited time only!!! Click fast before gone!!!,BOT
Super offer! Best product guaranteed!!! Order now now now!!!,BOT
Great discount today only!!! Hurry up buy now free shipping!!!,BOT
Amazing product!!! Best seller!!! Must buy!!! Unbeatable price!!!,BOT
Click the link now !! Discount discount discount!!! Best results!!!,BOT
Order today!!! Great choice great price great product!!!,BOT
Buy now best deal!!! Limited time only!!! Click fast before gone!!!,BOT
Super offer! Best product guaranteed!!! Order now now now!!!,BOT
Great discount today only!!! Hurry up buy now free shipping!!!,BOT
Amazing product!!! Best seller!!! Must buy!!! Unbeatable price!!!,BOT
Click the link now !! Discount discount discount!!! Best results!!!,BOT
Order today!!! Great choice great price great product!!!,BOT
Buy now best deal!!! Limited time only!!! Click fast before gone!!!,BOT
Super offer! Best product guaranteed!!! Order now now now!!!,BOT
Great discount today only!!! Hurry up buy now free shipping!!!,BOT
Amazing product!!! Best seller!!! Must buy!!! Unbeatable price!!!,BOT
Click the link now !! Discount discount discount!!! Best results!!!,BOT
Order today!!! Great choice great price great product!!!,BOT
Buy now best deal!!! Limited time only!!! Click fast before gone!!!,BOT
Super offer! Best product guaranteed!!! Order now now now!!!,BOT
Great discount today only!!! Hurry up buy now free shipping!!!,BOT
Amazing product!!! Best seller!!! Must buy!!! Unbeatable price!!!,BOT
Click the link now !! Discount discount discount!!! Best results!!!,BOT
Order today!!! Great choice great price great product!!!,BOT
Buy now best deal!!! Limited time only!!! Click fast before gone!!!,BOT
Super offer! Best product guaranteed!!! Order now now now!!!,BOT
Great discount today only!!! Hurry up buy now free shipping!!!,BOT
Amazing product!!! Best seller!!! Must buy!!! Unbeatable price!!!,BOT
Click the link now !! Discount discount discount!!! Best results!!!,BOT
Order today!!! Great choice great price great product!!!,BOT
Buy now best deal!!! Limited time only!!! Click fast before gone!!!,BOT
Super offer! Best product guaranteed!!! Order now now now!!!,BOT
Great discount today only!!! Hurry up buy now free shipping!!!,BOT
Amazing product!!! Best seller!!! Must buy!!! Unbeatable price!!!,BOT
Click the link now !! Discount discount discount!!! Best results!!!,BOT
Order today!!! Great choice great price great product!!!,BOT
Buy now best deal!!! Limited time only!!! Click fast before gone!!!,BOT
Super offer! Best product guaranteed!!! Order now now now!!!,BOT
Great discount today only!!! Hurry up buy now free shipping!!!,BOT
Amazing product!!! Best seller!!! Must buy!!! Unbeatable price!!!,BOT
Click the link now !! Discount discount discount!!! Best results!!!,BOT
Order today!!! Great choice great price great product!!!,BOT
Buy now best deal!!! Limited time only!!! Click fast before gone!!!,BOT
Super offer! Best product guaranteed!!! Order now now now!!!,BOT
Great discount today only!!! Hurry up buy now free shipping!!!,BOT
Amazing product!!! Best seller!!! Must buy!!! Unbeatable price!!!,BOT
Click the link now !! Discount discount discount!!! Best results!!!,BOT
Order today!!! Great choice great price great product!!!,BOT
Buy now best deal!!! Limited time only!!! Click fast before gone!!!,BOT
Super offer! Best product guaranteed!!! Order now now now!!!,BOT
Great discount today only!!! Hurry up buy now free shipping!!!,BOT
Amazing product!!! Best seller!!! Must buy!!! Unbeatable price!!!,BOT
Click the link now !! Discount discount discount!!! Best results!!!,BOT
Order today!!! Great choice great price great product!!!,BOT
Buy now best deal!!! Limited time only!!! Click fast before gone!!!,BOT
Super offer! Best product guaranteed!!! Order now now now!!!,BOT
Great discount today only!!! Hurry up buy now free shipping!!!,BOT
Amazing product!!! Best seller!!! Must buy!!! Unbeatable price!!!,BOT
Click the link now !! Discount discount discount!!! Best results!!!,BOT
Order today!!! Great choice great price great product!!!,BOT
Buy now best deal!!! Limited time only!!! Click fast before gone!!!,BOT
Super offer! Best product guaranteed!!! Order now now now!!!,BOT
Great discount today only!!! Hurry up buy now free shipping!!!,BOT
Amazing product!!! Best seller!!! Must buy!!! Unbeatable price!!!,BOT
Click the link now !! Discount discount discount!!! Best results!!!,BOT
Order today!!! Great choice great price great product!!!,BOT
Buy now best deal!!! Limited time only!!! Click fast before gone!!!,BOT
Super offer! Best product guaranteed!!! Order now now now!!!,BOT
Great discount today only!!! Hurry up buy now free shipping!!!,BOT
Amazing product!!! Best seller!!! Must buy!!! Unbeatable price!!!,BOT
Click the link now !! Discount discount discount!!! Best results!!!,BOT
Order today!!! Great choice great price great product!!!,BOT
Buy now best deal!!! Limited time only!!! Click fast before gone!!!,BOT
Super offer! Best product guaranteed!!! Order now now now!!!,BOT
Great discount today only!!! Hurry up buy now free shipping!!!,BOT
Amazing product!!! Best seller!!! Must buy!!! Unbeatable price!!!,BOT
Click the link now !! Discount discount discount!!! Best results!!!,BOT
Order today!!! Great choice great price great product!!!,BOT
Buy now best deal!!! Limited time only!!! Click fast before gone!!!,BOT
Super offer! Best product guaranteed!!! Order now now now!!!,BOT
Great discount today only!!! Hurry up buy now free shipping!!!,BOT
Amazing product!!! Best seller!!! Must buy!!! Unbeatable price!!!,BOT
Click the link now !! Discount discount discount!!! Best results!!!,BOT
Order today!!! Great choice great price great product!!!,BOT
Buy now best deal!!! Limited time only!!! Click fast before gone!!!,BOT
Super offer! Best product guaranteed!!! Order now now now!!!,BOT
Great discount today only!!! Hurry up buy now free shipping!!!,BOT
Amazing product!!! Best seller!!! Must buy!!! Unbeatable price!!!,BOT
Click the link now !! Discount discount discount!!! Best results!!!,BOT
Order today!!! Great choice great price great product!!!,BOT
Buy now best deal!!! Limited time only!!! Click fast before gone!!!,BOT
Super offer! Best product guaranteed!!! Order now now now!!!,BOT
Great discount today only!!! Hurry up buy now free shipping!!!,BOT
Amazing product!!! Best seller!!! Must buy!!! Unbeatable price!!!,BOT
Click the link now !! Discount discount discount!!! Best results!!!,BOT
Order today!!! Great choice great price great product!!!,BOT
Buy now best deal!!! Limited time only!!! Click fast before gone!!!,BOT
Super offer! Best product guaranteed!!! Order now now now!!!,BOT
Great discount today only!!! Hurry up buy now free shipping!!!,BOT
Amazing product!!! Best seller!!! Must buy!!! Unbeatable price!!!,BOT
Click the link now !! Discount discount discount!!! Best results!!!,BOT
Order today!!! Great choice great price great product!!!,BOT
Buy now best deal!!! Limited time only!!! Click fast before gone!!!,BOT
Super offer! Best product guaranteed!!! Order now now now!!!,BOT
Great discount today only!!! Hurry up buy now free shipping!!!,BOT
Amazing product!!! Best seller!!! Must buy!!! Unbeatable price!!!,BOT
Click the link now !! Discount discount discount!!! Best results!!!,BOT
Order today!!! Great choice great price great product!!!,BOT
Buy now best deal!!! Limited time only!!! Click fast before gone!!!,BOT
Super offer! Best product guaranteed!!! Order now now now!!!,BOT
Great discount today only!!! Hurry up buy now free shipping!!!,BOT
Amazing product!!! Best seller!!! Must buy!!! Unbeatable price!!!,BOT
Click the link now !! Discount discount discount!!! Best results!!!,BOT
Order today!!! Great choice great price great product!!!,BOT
Buy now best deal!!! Limited time only!!! Click fast before gone!!!,BOT
Super offer! Best product guaranteed!!! Order now now now!!!,BOT
Great discount today only!!! Hurry up buy now free shipping!!!,BOT
Amazing product!!! Best seller!!! Must buy!!! Unbeatable price!!!,BOT
Click the link now !! Discount discount discount!!! Best results!!!,BOT
Order today!!! Great choice great price great product!!!,BOT
Buy now best deal!!! Limited time only!!! Click fast before gone!!!,BOT
Super offer! Best product guaranteed!!! Order now now now!!!,BOT
Great discount today only!!! Hurry up buy now free shipping!!!,BOT
Amazing product!!! Best seller!!! Must buy!!! Unbeatable price!!!,BOT
Click the link now !! Discount discount discount!!! Best results!!!,BOT
Order today!!! Great choice great price great product!!!,BOT
Buy now best deal!!! Limited time only!!! Click fast before gone!!!,BOT
Super offer! Best product guaranteed!!! Order now now now!!!,BOT
Great discount today only!!! Hurry up buy now free shipping!!!,BOT
Amazing product!!! Best seller!!! Must buy!!! Unbeatable price!!!,BOT
Click the link now !! Discount discount discount!!! Best results!!!,BOT
Order today!!! Great choice great price great product!!!,BOT
Buy now best deal!!! Limited time only!!! Click fast before gone!!!,BOT
Super offer! Best product guaranteed!!! Order now now now!!!,BOT
Great discount today only!!! Hurry up buy now free shipping!!!,BOT
Amazing product!!! Best seller!!! Must buy!!! Unbeatable price!!!,BOT
Click the link now !! Discount discount discount!!! Best results!!!,BOT
Order today!!! Great choice great price great product!!!,BOT
Buy now best deal!!! Limited time only!!! Click fast before gone!!!,BOT
Super offer! Best product guaranteed!!! Order now now now!!!,BOT
Great discount today only!!! Hurry up buy now free shipping!!!,BOT
Amazing product!!! Best seller!!! Must buy!!! Unbeatable price!!!,BOT
Click the link now !! Discount discount discount!!! Best results!!!,BOT
Order today!!! Great choice great price great product!!!,BOT
Buy now best deal!!! Limited time only!!! Click fast before gone!!!,BOT
Super offer! Best product guaranteed!!! Order now now now!!!,BOT
Great discount today only!!! Hurry up buy now free shipping!!!,BOT
Amazing product!!! Best seller!!! Must buy!!! Unbeatable price!!!,BOT
Click the link now !! Discount discount discount!!! Best results!!!,BOT
Order today!!! Great choice great price great product!!!,BOT
Buy now best deal!!! Limited time only!!! Click fast before gone!!!,BOT
Super offer! Best product guaranteed!!! Order now now now!!!,BOT
Great discount today only!!! Hurry up buy now free shipping!!!,BOT
Amazing product!!! Best seller!!! Must buy!!! Unbeatable price!!!,BOT
Click the link now !! Discount discount discount!!! Best results!!!,BOT
Order today!!! Great choice great price great product!!!,BOT
Buy now best deal!!! Limited time only!!! Click fast before gone!!!,BOT
Super offer! Best product guaranteed!!! Order now now now!!!,BOT
Great discount today only!!! Hurry up buy now free shipping!!!,BOT
Amazing product!!! Best seller!!! Must buy!!! Unbeatable price!!!,BOT
Click the link now !! Discount discount discount!!! Best results!!!,BOT
Order today!!! Great choice great price great product!!!,BOT
Buy now best deal!!! Limited time only!!! Click fast before gone!!!,BOT
Super offer! Best product guaranteed!!! Order now now now!!!,BOT
Great discount today only!!! Hurry up buy now free shipping!!!,BOT
Amazing product!!! Best seller!!! Must buy!!! Unbeatable price!!!,BOT
Click the link now !! Discount discount discount!!! Best results!!!,BOT
Order today!!! Great choice great price great product!!!,BOT
Buy now best deal!!! Limited time only!!! Click fast before gone!!!,BOT
Super offer! Best product guaranteed!!! Order now now now!!!,BOT
Great discount today only!!! Hurry up buy now free shipping!!!,BOT
Amazing product!!! Best seller!!! Must buy!!! Unbeatable price!!!,BOT
Click the link now !! Discount discount discount!!! Best results!!!,BOT
Order today!!! Great choice great price great product!!!,BOT
Buy now best deal!!! Limited time only!!! Click fast before gone!!!,BOT
Super offer! Best product guaranteed!!! Order now now now!!!,BOT
Great discount today only!!! Hurry up buy now free shipping!!!,BOT
Amazing product!!! Best seller!!! Must buy!!! Unbeatable price!!!,BOT
Click the link now !! Discount discount discount!!! Best results!!!,BOT
Order today!!! Great choice great price great product!!!,BOT
Buy now best deal!!! Limited time only!!! Click fast before gone!!!,BOT
Super offer! Best product guaranteed!!! Order now now now!!!,BOT
Great discount today only!!! Hurry up buy now free shipping!!!,BOT
Amazing product!!! Best seller!!! Must buy!!! Unbeatable price!!!,BOT
Click the link now !! Discount discount discount!!! Best results!!!,BOT
Order today!!! Great choice great price great product!!!,BOT
Buy now best deal!!! Limited time only!!! Click fast before gone!!!,BOT
Super offer! Best product guaranteed!!! Order now now now!!!,BOT
Great discount today only!!! Hurry up buy now free shipping!!!,BOT
Amazing product!!! Best seller!!! Must buy!!! Unbeatable price!!!,BOT
Click the link now !! Discount discount discount!!! Best results!!!,BOT
Order today!!! Great choice great price great product!!!,BOT
Buy now best deal!!! Limited time only!!! Click fast before gone!!!,BOT
Super offer! Best product guaranteed!!! Order now now now!!!,BOT
Great discount today only!!! Hurry up buy now free shipping!!!,BOT
Amazing product!!! Best seller!!! Must buy!!! Unbeatable price!!!,BOT
Click the link now !! Discount discount discount!!! Best results!!!,BOT
Order today!!! Great choice great price great product!!!,BOT
Buy now best deal!!! Limited time only!!! Click fast before gone!!!,BOT
Super offer! Best product guaranteed!!! Order now now now!!!,BOT
Great discount today only!!! Hurry up buy now free shipping!!!,BOT
Amazing product!!! Best seller!!! Must buy!!! Unbeatable price!!!,BOT
Click the link now !! Discount discount discount!!! Best results!!!,BOT
Order today!!! Great choice great price great product!!!,BOT
Buy now best deal!!! Limited time only!!! Click fast before gone!!!,BOT
Super offer! Best product guaranteed!!! Order now now now!!!,BOT
Great discount today only!!! Hurry up buy now free shipping!!!,BOT
Amazing product!!! Best seller!!! Must buy!!! Unbeatable price!!!,BOT
Click the link now !! Discount discount discount!!! Best results!!!,BOT
Order today!!! Great choice great price great product!!!,BOT
Buy now best deal!!! Limited time only!!! Click fast before gone!!!,BOT
Super offer! Best product guaranteed!!! Order now now now!!!,BOT
Great discount today only!!! Hurry up buy now free shipping!!!,BOT
Amazing product!!! Best seller!!! Must buy!!! Unbeatable price!!!,BOT
Click the link now !! Discount discount discount!!! Best results!!!,BOT
Order today!!! Great choice great price great product!!!,BOT
Buy now best deal!!! Limited time only!!! Click fast before gone!!!,BOT
Super offer! Best product guaranteed!!! Order now now now!!!,BOT
Great discount today only!!! Hurry up buy now free shipping!!!,BOT
Amazing product!!! Best seller!!! Must buy!!! Unbeatable price!!!,BOT
Click the link now !! Discount discount discount!!! Best results!!!,BOT
Order today!!! Great choice great price great product!!!,BOT
Buy now best deal!!! Limited time only!!! Click fast before gone!!!,BOT
Super offer! Best product guaranteed!!! Order now now now!!!,BOT
Great discount today only!!! Hurry up buy now free shipping!!!,BOT
Amazing product!!! Best seller!!! Must buy!!! Unbeatable price!!!,BOT
Click the link now !! Discount discount discount!!! Best results!!!,BOT
Order today!!! Great choice great price great product!!!,BOT
Buy now best deal!!! Limited time only!!! Click fast before gone!!!,BOT
Super offer! Best product guaranteed!!! Order now now now!!!,BOT
Great discount today only!!! Hurry up buy now free shipping!!!,BOT
Amazing product!!! Best seller!!! Must buy!!! Unbeatable price!!!,BOT
Click the link now !! Discount discount discount!!! Best results!!!,BOT
Order today!!! Great choice great price great product!!!,BOT
Buy now best deal!!! Limited time only!!! Click fast before gone!!!,BOT
Super offer! Best product guaranteed!!! Order now now now!!!,BOT
Great discount today only!!! Hurry up buy now free shipping!!!,BOT
Amazing product!!! Best seller!!! Must buy!!! Unbeatable price!!!,BOT
Click the link now !! Discount discount discount!!! Best results!!!,BOT
Order today!!! Great choice great price great product!!!,BOT
Buy now best deal!!! Limited time only!!! Click fast before gone!!!,BOT
Super offer! Best product guaranteed!!! Order now now now!!!,BOT
Great discount today only!!! Hurry up buy now free shipping!!!,BOT
Amazing product!!! Best seller!!! Must buy!!! Unbeatable price!!!,BOT
Click the link now !! Discount discount discount!!! Best results!!!,BOT
Order today!!! Great choice great price great product!!!,BOT
Buy now best deal!!! Limited time only!!! Click fast before gone!!!,BOT
Super offer! Best product guaranteed!!! Order now now now!!!,BOT
Great discount today only!!! Hurry up buy now free shipping!!!,BOT
Amazing product!!! Best seller!!! Must buy!!! Unbeatable price!!!,BOT
Click the link now !! Discount discount discount!!! Best results!!!,BOT
Order today!!! Great choice great price great product!!!,BOT
Buy now best deal!!! Limited time only!!! Click fast before gone!!!,BOT
Super offer! Best product guaranteed!!! Order now now now!!!,BOT
Great discount today only!!! Hurry up buy now free shipping!!!,BOT
Amazing product!!! Best seller!!! Must buy!!! Unbeatable price!!!,BOT
Click the link now !! Discount discount discount!!! Best results!!!,BOT
Order today!!! Great choice great price great product!!!,BOT
Buy now best deal!!! Limited time only!!! Click fast before gone!!!,BOT
Super offer! Best product guaranteed!!! Order now now now!!!,BOT
Great discount today only!!! Hurry up buy now free shipping!!!,BOT
Amazing product!!! Best seller!!! Must buy!!! Unbeatable price!!!,BOT
Click the link now !! Discount discount discount!!! Best results!!!,BOT
Order today!!! Great choice great price great product!!!,BOT
Buy now best deal!!! Limited time only!!! Click fast before gone!!!,BOT
Super offer! Best product guaranteed!!! Order now now now!!!,BOT
Great discount today only!!! Hurry up buy now free shipping!!!,BOT
Amazing product!!! Best seller!!! Must buy!!! Unbeatable price!!!,BOT
Click the link now !! Discount discount discount!!! Best results!!!,BOT
Order today!!! Great choice great price great product!!!,BOT
Buy now best deal!!! Limited time only!!! Click fast before gone!!!,BOT
Super offer! Best product guaranteed!!! Order now now now!!!,BOT
Great discount today only!!! Hurry up buy now free shipping!!!,BOT
Amazing product!!! Best seller!!! Must buy!!! Unbeatable price!!!,BOT
Click the link now !! Discount discount discount!!! Best results!!!,BOT
Order today!!! Great choice great price great product!!!,BOT
Buy now best deal!!! Limited time only!!! Click fast before gone!!!,BOT
Super offer! Best product guaranteed!!! Order now now now!!!,BOT
Great discount today only!!! Hurry up buy now free shipping!!!,BOT
Amazing product!!! Best seller!!! Must buy!!! Unbeatable price!!!,BOT
Click the link now !! Discount discount discount!!! Best results!!!,BOT
Order today!!! Great choice great price great product!!!,BOT
Buy now best deal!!! Limited time only!!! Click fast before gone!!!,BOT
Super offer! Best product guaranteed!!! Order now now now!!!,BOT
Great discount today only!!! Hurry up buy now free shipping!!!,BOT
Amazing product!!! Best seller!!! Must buy!!! Unbeatable price!!!,BOT
Click the link now !! Discount discount discount!!! Best results!!!,BOT
Order today!!! Great choice great price great product!!!,BOT
Buy now best deal!!! Limited time only!!! Click fast before gone!!!,BOT
Super offer! Best product guaranteed!!! Order now now now!!!,BOT
Great discount today only!!! Hurry up buy now free shipping!!!,BOT
Amazing product!!! Best seller!!! Must buy!!! Unbeatable price!!!,BOT
Click the link now !! Discount discount discount!!! Best results!!!,BOT
Order today!!! Great choice great price great product!!!,BOT
Buy now best deal!!! Limited time only!!! Click fast before gone!!!,BOT
Super offer! Best product guaranteed!!! Order now now now!!!,BOT
Great discount today only!!! Hurry up buy now free shipping!!!,BOT
Amazing product!!! Best seller!!! Must buy!!! Unbeatable price!!!,BOT
Click the link now !! Discount discount discount!!! Best results!!!,BOT
Order today!!! Great choice great price great product!!!,BOT
Buy now best deal!!! Limited time only!!! Click fast before gone!!!,BOT
Super offer! Best product guaranteed!!! Order now now now!!!,BOT
Great discount today only!!! Hurry up buy now free shipping!!!,BOT
Amazing product!!! Best seller!!! Must buy!!! Unbeatable price!!!,BOT
Click the link now !! Discount discount discount!!! Best results!!!,BOT
Order today!!! Great choice great price great product!!!,BOT
Buy now best deal!!! Limited time only!!! Click fast before gone!!!,BOT
Super offer! Best product guaranteed!!! Order now now now!!!,BOT
Great discount today only!!! Hurry up buy now free shipping!!!,BOT
Amazing product!!! Best seller!!! Must buy!!! Unbeatable price!!!,BOT
Click the link now !! Discount discount discount!!! Best results!!!,BOT
Order today!!! Great choice great price great product!!!,BOT
Buy now best deal!!! Limited time only!!! Click fast before gone!!!,BOT
Super offer! Best product guaranteed!!! Order now now now!!!,BOT
Great discount today only!!! Hurry up buy now free shipping!!!,BOT
Amazing product!!! Best seller!!! Must buy!!! Unbeatable price!!!,BOT
Click the link now !! Discount discount discount!!! Best results!!!,BOT
Order today!!! Great choice great price great product!!!,BOT
Buy now best deal!!! Limited time only!!! Click fast before gone!!!,BOT
Super offer! Best product guaranteed!!! Order now now now!!!,BOT
Great discount today only!!! Hurry up buy now free shipping!!!,BOT
Amazing product!!! Best seller!!! Must buy!!! Unbeatable price!!!,BOT
Click the link now !! Discount discount discount!!! Best results!!!,BOT
Order today!!! Great choice great price great product!!!,BOT
Buy now best deal!!! Limited time only!!! Click fast before gone!!!,BOT
Super offer! Best product guaranteed!!! Order now now now!!!,BOT
Great discount today only!!! Hurry up buy now free shipping!!!,BOT
Amazing product!!! Best seller!!! Must buy!!! Unbeatable price!!!,BOT
Click the link now !! Discount discount discount!!! Best results!!!,BOT
Order today!!! Great choice great price great product!!!,BOT
Buy now best deal!!! Limited time only!!! Click fast before gone!!!,BOT
Super offer! Best product guaranteed!!! Order now now now!!!,BOT
Great discount today only!!! Hurry up buy now free shipping!!!,BOT
Amazing product!!! Best seller!!! Must buy!!! Unbeatable price!!!,BOT
Click the link now !! Discount discount discount!!! Best results!!!,BOT
Order today!!! Great choice great price great product!!!,BOT
Buy now best deal!!! Limited time only!!! Click fast before gone!!!,BOT
Super offer! Best product guaranteed!!! Order now now now!!!,BOT
Great discount today only!!! Hurry up buy now free shipping!!!,BOT
Amazing product!!! Best seller!!! Must buy!!! Unbeatable price!!!,BOT
Click the link now !! Discount discount discount!!! Best results!!!,BOT
Order today!!! Great choice great price great product!!!,BOT
Buy now best deal!!! Limited time only!!! Click fast before gone!!!,BOT
Super offer! Best product guaranteed!!! Order now now now!!!,BOT
Great discount today only!!! Hurry up buy now free shipping!!!,BOT
Amazing product!!! Best seller!!! Must buy!!! Unbeatable price!!!,BOT
Click the link now !! Discount discount discount!!! Best results!!!,BOT
Order today!!! Great choice great price great product!!!,BOT
Buy now best deal!!! Limited time only!!! Click fast before gone!!!,BOT
Super offer! Best product guaranteed!!! Order now now now!!!,BOT
Great discount today only!!! Hurry up buy now free shipping!!!,BOT
Amazing product!!! Best seller!!! Must buy!!! Unbeatable price!!!,BOT
Click the link now !! Discount discount discount!!! Best results!!!,BOT
Order today!!! Great choice great price great product!!!,BOT
Buy now best deal!!! Limited time only!!! Click fast before gone!!!,BOT
Super offer! Best product guaranteed!!! Order now now now!!!,BOT
Great discount today only!!! Hurry up buy now free shipping!!!,BOT
Amazing product!!! Best seller!!! Must buy!!! Unbeatable price!!!,BOT
Click the link now !! Discount discount discount!!! Best results!!!,BOT
Order today!!! Great choice great price great product!!!,BOT
Buy now best deal!!! Limited time only!!! Click fast before gone!!!,BOT
Super offer! Best product guaranteed!!! Order now now now!!!,BOT
Great discount today only!!! Hurry up buy now free shipping!!!,BOT
Amazing product!!! Best seller!!! Must buy!!! Unbeatable price!!!,BOT
Click the link now !! Discount discount discount!!! Best results!!!,BOT
Order today!!! Great choice great price great product!!!,BOT
Buy now best deal!!! Limited time only!!! Click fast before gone!!!,BOT
Super offer! Best product guaranteed!!! Order now now now!!!,BOT
Great discount today only!!! Hurry up buy now free shipping!!!,BOT
Amazing product!!! Best seller!!! Must buy!!! Unbeatable price!!!,BOT
Click the link now !! Discount discount discount!!! Best results!!!,BOT
Order today!!! Great choice great price great product!!!,BOT
Buy now best deal!!! Limited time only!!! Click fast before gone!!!,BOT
Super offer! Best product guaranteed!!! Order now now now!!!,BOT
Great discount today only!!! Hurry up buy now free shipping!!!,BOT
Amazing product!!! Best seller!!! Must buy!!! Unbeatable price!!!,BOT
Click the link now !! Discount discount discount!!! Best results!!!,BOT
Order today!!! Great choice great price great product!!!,BOT
Buy now best deal!!! Limited time only!!! Click fast before gone!!!,BOT
Super offer! Best product guaranteed!!! Order now now now!!!,BOT
Great discount today only!!! Hurry up buy now free shipping!!!,BOT
Amazing product!!! Best seller!!! Must buy!!! Unbeatable price!!!,BOT
Click the link now !! Discount discount discount!!! Best results!!!,BOT
Order today!!! Great choice great price great product!!!,BOT
Buy now best deal!!! Limited time only!!! Click fast before gone!!!,BOT
Super offer! Best product guaranteed!!! Order now now now!!!,BOT
Great discount today only!!! Hurry up buy now free shipping!!!,BOT
Amazing product!!! Best seller!!! Must buy!!! Unbeatable price!!!,BOT
Click the link now !! Discount discount discount!!! Best results!!!,BOT
Order today!!! Great choice great price great product!!!,BOT
Buy now best deal!!! Limited time only!!! Click fast before gone!!!,BOT
Super offer! Best product guaranteed!!! Order now now now!!!,BOT
Great discount today only!!! Hurry up buy now free shipping!!!,BOT
Amazing product!!! Best seller!!! Must buy!!! Unbeatable price!!!,BOT
Click the link now !! Discount discount discount!!! Best results!!!,BOT
Order today!!! Great choice great price great product!!!,BOT
Buy now best deal!!! Limited time only!!! Click fast before gone!!!,BOT
Super offer! Best product guaranteed!!! Order now now now!!!,BOT
Great discount today only!!! Hurry up buy now free shipping!!!,BOT
Amazing product!!! Best seller!!! Must buy!!! Unbeatable price!!!,BOT
Click the link now !! Discount discount discount!!! Best results!!!,BOT
Order today!!! Great choice great price great product!!!,BOT
Buy now best deal!!! Limited time only!!! Click fast before gone!!!,BOT
Super offer! Best product guaranteed!!! Order now now now!!!,BOT
Great discount today only!!! Hurry up buy now free shipping!!!,BOT
Amazing product!!! Best seller!!! Must buy!!! Unbeatable price!!!,BOT
Click the link now !! Discount discount discount!!! Best results!!!,BOT
Order today!!! Great choice great price great product!!!,BOT
Buy now best deal!!! Limited time only!!! Click fast before gone!!!,BOT
Super offer! Best product guaranteed!!! Order now now now!!!,BOT
Great discount today only!!! Hurry up buy now free shipping!!!,BOT
Amazing product!!! Best seller!!! Must buy!!! Unbeatable price!!!,BOT
Click the link now !! Discount discount discount!!! Best results!!!,BOT
Order today!!! Great choice great price great product!!!,BOT
Buy now best deal!!! Limited time only!!! Click fast before gone!!!,BOT
Super offer! Best product guaranteed!!! Order now now now!!!,BOT
Great discount today only!!! Hurry up buy now free shipping!!!,BOT
Amazing product!!! Best seller!!! Must buy!!! Unbeatable price!!!,BOT
Click the link now !! Discount discount discount!!! Best results!!!,BOT
Order today!!! Great choice great price great product!!!,BOT
Buy now best deal!!! Limited time only!!! Click fast before gone!!!,BOT
Super offer! Best product guaranteed!!! Order now now now!!!,BOT
Great discount today only!!! Hurry up buy now free shipping!!!,BOT
Amazing product!!! Best seller!!! Must buy!!! Unbeatable price!!!,BOT
Click the link now !! Discount discount discount!!! Best results!!!,BOT
Order today!!! Great choice great price great product!!!,BOT
Buy now best deal!!! Limited time only!!! Click fast before gone!!!,BOT
Super offer! Best product guaranteed!!! Order now now now!!!,BOT
Great discount today only!!! Hurry up buy now free shipping!!!,BOT
Amazing product!!! Best seller!!! Must buy!!! Unbeatable price!!!,BOT
Click the link now !! Discount discount discount!!! Best results!!!,BOT
Order today!!! Great choice great price great product!!!,BOT
Buy now best deal!!! Limited time only!!! Click fast before gone!!!,BOT
Super offer! Best product guaranteed!!! Order now now now!!!,BOT
Great discount today only!!! Hurry up buy now free shipping!!!,BOT
Amazing product!!! Best seller!!! Must buy!!! Unbeatable price!!!,BOT
Click the link now !! Discount discount discount!!! Best results!!!,BOT
Order today!!! Great choice great price great product!!!,BOT
Buy now best deal!!! Limited time only!!! Click fast before gone!!!,BOT
Super offer! Best product guaranteed!!! Order now now now!!!,BOT
Great discount today only!!! Hurry up buy now free shipping!!!,BOT
Amazing product!!! Best seller!!! Must buy!!! Unbeatable price!!!,BOT
Click the link now !! Discount discount discount!!! Best results!!!,BOT
Order today!!! Great choice great price great product!!!,BOT
Buy now best deal!!! Limited time only!!! Click fast before gone!!!,BOT
Super offer! Best product guaranteed!!! Order now now now!!!,BOT
Great discount today only!!! Hurry up buy now free shipping!!!,BOT
Amazing product!!! Best seller!!! Must buy!!! Unbeatable price!!!,BOT
Click the link now !! Discount discount discount!!! Best results!!!,BOT
Order today!!! Great choice great price great product!!!,BOT
Buy now best deal!!! Limited time only!!! Click fast before gone!!!,BOT
Super offer! Best product guaranteed!!! Order now now now!!!,BOT
Great discount today only!!! Hurry up buy now free shipping!!!,BOT
Amazing product!!! Best seller!!! Must buy!!! Unbeatable price!!!,BOT
Click the link now !! Discount discount discount!!! Best results!!!,BOT
Order today!!! Great choice great price great product!!!,BOT
Buy now best deal!!! Limited time only!!! Click fast before gone!!!,BOT
Super offer! Best product guaranteed!!! Order now now now!!!,BOT
Great discount today only!!! Hurry up buy now free shipping!!!,BOT
Amazing product!!! Best seller!!! Must buy!!! Unbeatable price!!!,BOT
Click the link now !! Discount discount discount!!! Best results!!!,BOT
Order today!!! Great choice great price great product!!!,BOT
Buy now best deal!!! Limited time only!!! Click fast before gone!!!,BOT
Super offer! Best product guaranteed!!! Order now now now!!!,BOT
Great discount today only!!! Hurry up buy now free shipping!!!,BOT
Amazing product!!! Best seller!!! Must buy!!! Unbeatable price!!!,BOT
Click the link now !! Discount discount discount!!! Best results!!!,BOT
Order today!!! Great choice great price great product!!!,BOT
Buy now best deal!!! Limited time only!!! Click fast before gone!!!,BOT
Super offer! Best product guaranteed!!! Order now now now!!!,BOT
Great discount today only!!! Hurry up buy now free shipping!!!,BOT
Amazing product!!! Best seller!!! Must buy!!! Unbeatable price!!!,BOT
Click the link now !! Discount discount discount!!! Best results!!!,BOT
Order today!!! Great choice great price great product!!!,BOT
Buy now best deal!!! Limited time only!!! Click fast before gone!!!,BOT
Super offer! Best product guaranteed!!! Order now now now!!!,BOT
Great discount today only!!! Hurry up buy now free shipping!!!,BOT
Amazing product!!! Best seller!!! Must buy!!! Unbeatable price!!!,BOT
Click the link now !! Discount discount discount!!! Best results!!!,BOT
Order today!!! Great choice great price great product!!!,BOT
Buy now best deal!!! Limited time only!!! Click fast before gone!!!,BOT
Super offer! Best product guaranteed!!! Order now now now!!!,BOT
Great discount today only!!! Hurry up buy now free shipping!!!,BOT
Amazing product!!! Best seller!!! Must buy!!! Unbeatable price!!!,BOT
Click the link now !! Discount discount discount!!! Best results!!!,BOT
Order today!!! Great choice great price great product!!!,BOT
Buy now best deal!!! Limited time only!!! Click fast before gone!!!,BOT
Super offer! Best product guaranteed!!! Order now now now!!!,BOT
Great discount today only!!! Hurry up buy now free shipping!!!,BOT
Amazing product!!! Best seller!!! Must buy!!! Unbeatable price!!!,BOT
Click the link now !! Discount discount discount!!! Best results!!!,BOT
Order today!!! Great choice great price great product!!!,BOT
Buy now best deal!!! Limited time only!!! Click fast before gone!!!,BOT
Super offer! Best product guaranteed!!! Order now now now!!!,BOT
Great discount today only!!! Hurry up buy now free shipping!!!,BOT
Amazing product!!! Best seller!!! Must buy!!! Unbeatable price!!!,BOT
Click the link now !! Discount discount discount!!! Best results!!!,BOT
Order today!!! Great choice great price great product!!!,BOT
